"Field.Number","National.Database.Number","Affiliation","Common.Name","Year.of.Observation","Observation.Date","State","County","City...from.strandings.table","Locality.Detail","Latitude","mean_lat","Lat_error","Longitude","mean_long","Long_error"
"NW-4357","NW-1989-1026760",NA,"Seal, harbor",1989,"1989-JUL-20","WA","San Juan","Decatur Island",NA,8.32,48.497075911635,40.177075911635,-122.46,-122.97976616846,-0.519766168460166
"GI08-04","NW-2008-1085657","WDFW/MMI","Seal, harbor",2008,"2008-JUN-18","WA","Pierce","Gertrude Island","NW side",14.2178,47.2832254284395,33.0654254284395,-122.6563,-122.623822220683,0.0324777793167073
"WIE122204SD","NW-2004-1040833","Central Puget Sound Marine Mammal Stranding Network","Sea lion, California",2004,"2004-DEC-19","WA","Island","Whidbey Island","Greenbank",40.0343,48.2104004029236,8.17610040292362,-122.32979,-122.536080766906,-0.20629076690561
"HMSC09-06-09-Pv","NW-2009-1105069","Marine Mammal Institute, OSU","Seal, harbor",2009,"2009-JUN-09","OR","Coos","Bandon","Just south of Face Rock Wayside beach access",42.10394,43.2756506392617,1.17171063926175,-124.43452,-124.362076721008,0.0724432789915994
"WDFW2011-015","NW-2011-1142164","WDFW/MMI","Sea lion, Steller",2011,"2011-FEB-25","WA","Grays Harbor","Pacific Beach","1/8 mile south of anylyde gap access rd",42.2172,46.9866740733756,4.7694740733756,-124.2094,-124.144748288431,0.064651711568942
"WDFW2010-099","NW-2010-1132372","WDFW/MMI","Seal, harbor",2010,"2010-JUL-24","WA","Pierce","Lakebay","Lakebay Marina",42.2587,47.2832254284395,5.02452542843952,-122.7551,-122.623822220683,0.131277779316704
"SSW121711-1","NW-2011-1141702","West Seattle Seal Sitters","Seal, harbor",2011,"2011-DEC-17","WA","King","West Seattle","Constellation Park",42.5762,47.5318269325748,4.95562693257477,-122.41398,-122.399902224425,0.0140777755754442
"WDFW2009-021","NW-2009-1093959","WDFW/MMI","Seal, northern elephant",2009,"2009-APR-10","WA","Kitsap","Banbridge Island","Robert road, Bainbridge",42.6681,47.6577342299035,4.98963422990354,-122.5075,-122.586403729904,-0.0789037299035442
"HMSC07-07-21-Pv-2","NW-2007-1071535","Marine Mammal Institute, OSU","Seal, harbor",2007,"2007-JUL-21","OR","Coos","Bandon","Bandon Beach, below China Creek",43.06338,43.2756506392617,0.212270639261746,-43.06338,-124.362076721008,-81.2986967210084
"HMSC10-06-01-Zc-4","NW-2010-1121618","Marine Mammal Institute, OSU","Sea lion, California",2010,"2010-MAY-30","OR","Clatsop","Cannon Beach","Bastendorff Beach, Just north of the creek and east of the foredune. This carcass was in the creek drainage.",43.34331,46.0608462888601,2.7175362888601,-124.34978,-123.929324476684,0.420455523316065
"15-KG-020","NW-2015-1176085",NA,"Seal, harbor",2015,"2015-AUG-23","WA","King","Des Moines","Massey Creek, pocket beach south of Anthonys Homeport and Yacht Club",43.396079,47.5318269325748,4.13574793257477,-122.327634,-122.399902224425,-0.0722682244245476
"15-KG-020","NW-2015-1176083",NA,"Seal, harbor",2015,"2015-AUG-24","WA","King","Des Moines","Massey Creek, pocket beach south of Anthonys Homeport and Yacht Club",43.396079,47.5318269325748,4.13574793257477,-122.327634,-122.399902224425,-0.0722682244245476
"HMSC07-11-29-Zc","NW-2007-1072521","Marine Mammal Institute, OSU","Sea lion, California",2007,"2007-NOV-29","OR","Lane","Florence","~1/4 mile north of Tenmile river (south of the Umpqua)",43.575617,44.0783860738636,0.502769073863632,-124.227633,-124.127192497159,0.100440502840911
"2010-SJ034","NW-2010-1119763","Whale Museum","Seal, harbor",2010,"2010-JUL-14","WA","San Juan","Orcas Island","148 Knoll Hill Rd",43.6351,48.497075911635,4.86197591163496,-122.7886,-122.97976616846,-0.191166168460157
"HMSC06-03-20-Uo","NW-2006-1056473","Marine Mammal Institute, OSU","UNIDENTIFIED OTARIID",2006,"2006-MAR-20","OR","Curry","Florence","0.2 miles north of north overlook clearing at Dunes Overlook",43.8187,42.5075933015464,-1.31110669845361,-124.1663,-124.43230343299,-0.266003432989677
"HMSC06-09-21-Uo-2","NW-2006-1061851","Marine Mammal Institute, OSU","UNIDENTIFIED OTARIID",2006,"2006-SEP-21","OR","Lincoln","Florence","near creek near Goose Pasture",43.9462,44.6787399932563,0.732539993256268,-124.1448,-124.060251714355,0.0845482856454822
"HMSC06-09-21-Uo","NW-2006-1061849","Marine Mammal Institute, OSU","UNIDENTIFIED OTARIID",2006,"2006-SEP-21","OR","Lincoln","Florence","near creek in vicinity of Goose Pasture",43.9464,44.6787399932563,0.732339993256268,-124.1448,-124.060251714355,0.0845482856454822
"HMSC05-12-06-Up","NW-2005-1053293","Marine Mammal Institute, OSU","UNKNOWN PHOCID",2005,"2005-DEC-06","OR","Lincoln","Florence","near Harbor Vista Park and Rhodendron Drive",44.0106,44.6787399932563,0.668139993256268,-124.1248,-124.060251714355,0.064548285645472
"HMSC07-12-08-Zc-2","NW-2007-1074377","Marine Mammal Institute, OSU","Sea lion, California",2007,"2007-DEC-08","OR","Lincoln","Newport","south end of Agate Beach",44.06135,44.6787399932563,0.617389993256268,-124.06135,-124.060251714355,0.00109828564548309
"HMSC06-02-22-Up","NW-2006-1056457","Marine Mammal Institute, OSU","UNIDENTIFIED OTARIID",2006,"2006-FEB-22","OR","Curry","Florence","Baker Beach",44.0773,42.5075933015464,-1.56970669845361,-124.1252,-124.43230343299,-0.307103432989678
"HMSC10-05-27-Zc","NW-2010-1121682","Marine Mammal Institute, OSU","Sea lion, California",2010,"2010-MAY-27","OR","Clatsop","Seaside","Driftwood State Park, north toward 1st creek",44.466794,46.0608462888601,1.59405228886011,-124.082276,-123.929324476684,0.152951523316062
"HMSC06-03-03-Uo","NW-2006-1056461","Marine Mammal Institute, OSU","UNIDENTIFIED OTARIID",2006,"2006-MAR-03","OR","Lane","Newport","50-100 yards south of wayside parking lot",44.6581,44.0783860738636,-0.579713926136364,-124.0576,-124.127192497159,-0.0695924971590927
"HMSC06-05-22-Up","NW-2006-1058063","Marine Mammal Institute, OSU","Pinniped, unidentified",2006,"2006-MAY-22","OR","Coos","Depoe Bay","Fogarty Creek State Park, next to Surfrider Motel",44.8397,43.2756506392617,-1.56404936073825,-124.0515,-124.362076721008,-0.310576721008403
"06Pv27SepSN-02","NW-2006-1062067","Central Puget Sound Marine Mammal Stranding Network","Seal, harbor",2006,"2006-SEP-27","WA","Snohomish","Stanwood","On McKees Beach - west of 14415 Evergreen Way",44.84555,47.9127178395238,3.0671678395238,-125.08629,-122.312275392674,2.77401460732601
"HMSC08-07-29-Pv-2","NW-2008-1081339","Marine Mammal Institute, OSU","Seal, harbor",2008,"2008-JUL-29","WA","Pacific","Long Beach","Sea Ridge condos",44.852659,46.4394991339093,1.58684013390928,-124.046759,-124.059425285714,-0.012666285714289
"WDFW2011-016","NW-2011-1142165","Port Townsend Marine Science Center/ East Jefferson Co. MMSN","Seal, Northern fur",2011,"2011-FEB-27","WA","Jefferson","Port Townsend","Admiralty inlet NW maritime center",45.1157,47.9800278484532,2.86432784845324,-122.7518,-122.891258332258,-0.139458332258059
"HMSC06-03-04-Up","NW-2006-1056463","Marine Mammal Institute, OSU","Pinniped, unidentified",2006,"2006-MAR-04","OR","Lane","Neskowin","near 45988 Verbana Ct",45.1233,44.0783860738636,-1.04491392613637,-123.9801,-124.127192497159,-0.147092497159093
"HMSC06-03-25-Up","NW-2006-1057857","Marine Mammal Institute, OSU","Pinniped, unidentified",2006,"2006-MAR-25","OR","Coos","Neskowin","near Hawk St",45.1244,43.2756506392617,-1.84874936073825,-123.9799,-124.362076721008,-0.382176721008406
"PSU04-08-13Ej","NW-2004-1054353","Portland State University","Sea lion, Steller",2004,"2004-AUG-13","OR","Clatsop","Cannon Beach","Oswald west SP",45.4611,46.0608462888601,0.599746288860104,-123.5735,-123.929324476684,-0.355824476683935
"PSU05-10-08Zc","NW-2005-1053083","Portland State University","Sea lion, California",2005,"2005-OCT-08","OR","Clatsop","Arch Cape",NA,45.4807,46.0608462888601,0.580146288860107,-123.5805,-123.929324476684,-0.34882447668393
"PSU05-02-05Zc","NW-2005-1052987","Portland State University","Sea lion, California",2005,"2005-FEB-07","OR","Clatsop","Arch Cape",NA,45.4807,46.0608462888601,0.580146288860107,-123.5805,-123.929324476684,-0.34882447668393
"PSU05-10-09Ma","NW-2005-1053085","Portland State University","Seal, northern elephant",2005,"2005-OCT-09","OR","Clatsop","Arch Cape",NA,45.4807,46.0608462888601,0.580146288860107,-123.5805,-123.929324476684,-0.34882447668393
"PSU04-05-05Ej","NW-2004-1054283","Portland State University","Sea lion, Steller",2004,"2004-MAY-05","OR","Clatsop","Tolovana",".5 mile S of Tolovana ramp",45.5224,46.0608462888601,0.538446288860108,-123.5744,-123.929324476684,-0.354924476683934
"PSU06-01-11-Up","NW-2006-1056957","Portland State University","UNIDENTIFIED PHOCID",2006,"2006-JAN-11","OR","Clatsop","Cannon Beach","in front of Lands End at the end of Spruce Drive",45.5254,46.0608462888601,0.535446288860108,-123.5751,-123.929324476684,-0.354224476683925
"PSU05-03-11Ma","NW-2005-1052993","Portland State University","Seal, northern elephant",2005,"2005-MAR-11","OR","Clatsop","Cannon Beach","Jefferson Ave.",45.5254,46.0608462888601,0.535446288860108,-123.5751,-123.929324476684,-0.354224476683925
"PSU06-02-07-Zc-A","NW-2006-1056927","Portland State University","Sea lion, California",2006,"2006-FEB-07","OR","Clatsop","Cannon Beach","South of Hallmark Resort",45.5318,46.0608462888601,0.529046288860108,-123.5785,-123.929324476684,-0.350824476683925
"PSU06-01-12-Pv","NW-2006-1056959","Portland State University","Seal, harbor",2006,"2006-JAN-12","OR","Clatsop","Cannon Beach","200 feet to the right of Spruce Dr. access",45.5412,46.0608462888601,0.519646288860102,-123.5762,-123.929324476684,-0.353124476683931
"08Pv10AugWI-22","NW-2008-1080385","Central Puget Sound Marine Mammal Stranding Network","Seal, harbor",2008,"2008-AUG-10","WA","Island","Whidbey","Possession Sound, 6895 Swanson RD, Columbia Beach, Clinton",45.57664,48.2104004029236,2.63376040292363,-122.20996,-122.536080766906,-0.326120766905618
"WDFW2010-065","NW-2010-1132517","WDFW/MMI","Seal, harbor",2010,"2010-MAY-17","WA","King","Seattle","3039 Alki Avenue Southwest",45.5776,47.5318269325748,1.95422693257478,-122.4176,-122.399902224425,0.0176977755754422
"HMSC05-11-06-Pv","NW-2005-1053287","Marine Mammal Institute, OSU","Seal, harbor",2005,"2005-NOV-06","OR","Lincoln","Taft","in front of Mo s Restaurant, SW 51st St.",45.9272,44.6787399932563,-1.24846000674373,-124.0214,-124.060251714355,-0.0388517143545215
"11Pv13JulWH-24","NW-2011-1140316","Whatcom Marine Mammal Stranding Network","Seal, harbor",2011,"2011-JUL-13","WA","Whatcom","Blaine","Boundary Bay, Semiahmoo Marina on beach outside marina by bridge",45.990355,48.8051647942667,2.81480979426667,-122.77153,-122.67582822571,0.095701774289779
"WDFW2011-180","NW-2011-1142109","WDFW/MMI","Sea lion, California",2011,"2011-NOV-01","WA","Grays Harbor","Grayland","0.1 m north of W. Bonge Ave.",46.0029,46.9866740733756,0.983774073375599,-124.1129,-124.144748288431,-0.031848288431064
"HMSC08-12-05-Up","NW-2008-1084615","Marine Mammal Institute, OSU","Pinniped, unidentified",2008,"2008-DEC-05","OR","Tillamook","Hemlock","adjacent to red buoy #6 at Columbia River bar, just offshore of South Jetty",46.236497,45.3801661262136,-0.856330873786405,-124.098182,-123.961888883495,0.136293116504845
"05-GH-139","NW-2005-1052367","citizen caller","Seal, harbor",2005,"2005-OCT-20","WA","Grays Harbor",NA,NA,46.322,46.9866740733756,0.664674073375593,-124.683,-124.144748288431,0.538251711568947
"WDFW2010-078","NW-2010-1132527","WDFW/MMI","Seal, Guadalupe fur",2010,"2010-JUN-25","WA","Pacific","Longbeach","1/2 mile South of Cranberry beach access",46.3884,46.4394991339093,0.0510991339092897,-122.0625,-124.059425285714,-1.99692528571428
"PSU09-06-30-Ma","NW-2009-1105433","Portland State University","Seal, northern elephant",2009,"2009-JUN-30","OR","Tillamook","Oceanside","Klipsan Beach",46.43448,45.3801661262136,-1.05431387378641,-124.06051,-123.961888883495,0.0986211165048445
"CBW-04-Zc-03","NW-2004-1041043","Central Puget Sound Marine Mammal Stranding Network","Sea lion, California",2004,"2004-OCT-23","WA","Grays Harbor","Grayland",NA,46.47182,46.9866740733756,0.514854073375595,-124.05997,-124.144748288431,-0.0847782884310533
"WDFW2008-022","NW-2008-1085711","WDFW/MMI","Sea lion, California",2008,"2008-MAR-12","WA","Pacific","North Cove","1 mile south of North Cove",46.7383,46.4394991339093,-0.298800866090716,-122.0899,-124.059425285714,-1.96952528571428
"WDFW2008-063","NW-2008-1085893","WDFW/MMI, CRC","Sea lion, Steller",2008,"2008-JUN-12","WA","Pacific","North Cove","Wash away Beach S of house",46.7398,46.4394991339093,-0.300300866090716,-122.09,-124.059425285714,-1.96942528571428
"WDFW2009-015","NW-2009-1093995","WDFW/MMI","Seal, harbor",2009,"2009-MAR-05","WA","Grays Harbor","Westport","Just S. Bonge beach access",46.8592,46.9866740733756,0.127474073375595,-122.1162,-124.144748288431,-2.02854828843105
"WDFW2011-179","NW-2011-1142108","WDFW/MMI","Seal, harbor",2011,"2011-OCT-30","WA","Grays Harbor","Westport","1/2 mile N. of ocean view lane",46.8904,46.9866740733756,0.0962740733755965,-125.2835,-124.144748288431,1.13875171156894
"WDFW0406-02A","NW-2006-1065367","Change to WDFW Enforcement","Seal, harbor",2006,"2006-APR-26","WA","Grays Harbor","Westport","Half moon Bay in front of coast guard station",46.9018,46.9866740733756,0.0848740733755946,-122.1211,-124.144748288431,-2.02364828843106
"WDFW2010-151","NW-2010-1132426","WDFW/MMI","Sea lion, Steller",2010,"2010-SEP-17","WA","Grays Harbor","Ocean Shores","1-1.5 miles South of Pacific Boulevard Access",46.9188,46.9866740733756,0.0678740733755987,-124172945,-124.144748288431,124172820.855252
"PSU15-06-07-Pv","NW-2015-1174755","Portland State University","Seal, harbor",2015,"2015-JUN-07","OR","Clatsop","Gearhart","Sunset Beach",46.94108,46.0608462888601,-0.880233711139894,-123.94112,-123.929324476684,0.0117955233160671
"WDFW2010-161","NW-2010-1132443","WDFW/MMI","Seal, harbor",2010,"2010-SEP-29","WA","Grays Harbor","Ocean Shores","0.5 mile South of Shilo Inn beach access",46.9913,46.9866740733756,-0.00462592662440642,-125.5074,-124.144748288431,1.36265171156894
"07-0801-002","NW-2007-1070497","Seattle Parks and Recreation","Seal, harbor",2007,"2007-JUL-26","WA","King","Seattle","North Beach of Discovery Park",47,47.5318269325748,0.531826932574774,-122,-122.399902224425,-0.399902224424551
"07-0617-001","NW-2007-1070443","Seattle Parks and Recreation","Seal, harbor",2007,"2007-JUN-17","WA","King","Seattle","South Beach of Discovery Park",47,47.5318269325748,0.531826932574774,-122,-122.399902224425,-0.399902224424551
"12-SN-017","NW-2012-1146631","NOAA Fisheries","Seal, harbor",2012,"2012-OCT-28","WA","Snohomish","Edmonds","Puget Sound, Edmonds Underwater Park",47.013903,47.9127178395238,0.898814839523808,-122.384586,-122.312275392674,0.0723106073260027
"WDFW2008-057","NW-2008-1086013","WDFW/MMI","Seal, harbor",2008,"2008-JUN-06","WA","Pierce","Tacoma","Day Island",47.0379,47.2832254284395,0.245325428439521,-124.175,-122.623822220683,1.5511777793167
"WDFW2012-026","NW-2012-1142265","WDFW/MMI","Seal, harbor",2012,"2012-FEB-15","WA","Grays Harbor","Ocean City",NA,47.068,46.9866740733756,-0.0813259266244017,-122.1797,-124.144748288431,-1.96504828843106
"WIF100304SD","NW-2004-1040069","NAS Whidbey","Seal, harbor",2004,"2004-OCT-03","WA","Island","Whidbey Island",NA,47.08,48.2104004029236,1.13040040292363,-122.26,-122.536080766906,-0.276080766905608
"1007-03","NW-2007-1072445","Port Townsend Marine Science Center/ East Jefferson Co. MMSN","Seal, harbor",2007,"2007-OCT-14","WA","Jefferson","Port Townsend","Port Townsend Bay, Poat slip 128 Main walk off A/B dock",47.106353,47.9800278484532,0.873674848453241,-122.774569,-122.891258332258,-0.116689332258062
"13-GH-001","NW-2013-1155644","US Navy","UNIDENTIFIED OTARIID",2013,"2013-JAN-01","WA","Grays Harbor","Copalis","Copalis Spit",47.134783,46.9866740733756,-0.148108926624403,-122.185183,-124.144748288431,-1.95956528843107
"GI15-02","NW-2015-1182213","WDFW/MMI","Seal, harbor",2015,"2015-JUN-24","WA","Pierce","Gertrude Island","Gertrude Island Tip",47.215,47.2832254284395,0.0682254284395185,-12.661,-122.623822220683,-109.962822220683
"WDFW0906-07","NW-2006-1065495","WDFW Marine Mammal Investigations","Seal, harbor",2006,"2006-SEP-26","WA","Grays Harbor","Westport","Westport, in front of lighthouse",47.2158,46.9866740733756,-0.229125926624405,-122.6601,-124.144748288431,-1.48464828843106
"GI08-76","NW-2008-1085865","WDFW/MMI","Seal, harbor",2008,"2008-SEP-15","WA","Pierce","Gertrude Island","Middle/West side of Gertrude Island",47.2166,47.2832254284395,0.0666254284395222,-1226568,-122.623822220683,1226445.37617778
"GI13-08","NW-2013-1152284","WDFW/MMI","Seal, harbor",2013,"2013-JUN-30","WA","Pacific","McNeil Island","Baldwin Point on McNeil Island",47.2168,46.4394991339093,-0.777300866090712,-122.6577,-124.059425285714,-1.40172528571428
"NW-3943","NW-1990-1026341",NA,"Seal, northern elephant",1990,"1990-JUL-01","WA","Skagit","Deception Pass","Bowman Bay",47.25,48.4288132904,1.1788132904,-122.39,-122.5403478848,-0.150347884799999
"WDFW2008-030","NW-2008-1085965","WDFW/MMI","Seal, harbor",2008,"2008-MAR-31","WA","Pierce","Tacoma","11 Shuster parkway (Tacoma grainery)",47.2589,47.2832254284395,0.0243254284395249,-127.439,-122.623822220683,4.8151777793167
"WDFW2015-046","NW-2015-1179529","WDFW/MMI","Seal, harbor",2015,"2015-JUL-04","WA","Pierce","Tacoma","801 Portland Ave",47.268,47.2832254284395,0.0152254284395212,-122493,-122.623822220683,122370.376177779
"NW-3065","NW-1992-1025429",NA,"Seal, northern elephant",1992,"1992-APR-07","OR","Curry",NA,NA,47.27,42.5075933015464,-4.76240669845361,-124.25,-124.43230343299,-0.182303432989684
"WDFW2010-182","NW-2010-1132478","WDFW/MMI","Seal, harbor",2010,"2010-OCT-22","WA","Pierce","Tacoma","Point Ruston",47.2951,47.2832254284395,-0.011874571560476,-120.4995,-122.623822220683,-2.1243222206833
"WDFW2010-191","NW-2010-1132495","WDFW/MMI","Seal, harbor",2010,"2010-NOV-03","WA","Pierce","Tacoma","Owen's Beach",47.3125,47.2832254284395,-0.0292745715604781,-127.5279,-122.623822220683,4.90407777931671
"OLYM-2005-006","NW-2005-1045979","Olympic National Park","Seal, harbor",2005,"2005-JUN-21","WA","Jefferson","Olympic National Park","Kalaloch Beach",47.36,47.9800278484532,0.62002784845324,-124.22,-122.891258332258,1.32874166774194
"WDFW2012-157","NW-2012-1152467","WDFW/MMI","Seal, harbor",2012,"2012-SEP-12","WA","Pierce","Gig Harbor","by lighthouse",47.3642,47.2832254284395,-0.0809745715604748,-122574753,-122.623822220683,122574630.376178
"OLYM-2005-005","NW-2005-1045323","Olympic National Park","Sea lion, California",2005,"2005-JUN-17","WA","Jefferson","Forks/Kalaloch","Kalaloch Beach; S of Lodge",47.37,47.9800278484532,0.610027848453242,-124.23,-122.891258332258,1.33874166774194
"NW-3639","NW-1991-1026035",NA,"Seal, harbor",1991,"1991-SEP-09","WA","Jefferson","Dosewallips",NA,47.41,47.9800278484532,0.570027848453243,-122.53,-122.891258332258,-0.36125833225806
"CRC 405","NW-1991-1026028",NA,"Seal, harbor",1991,"1991-SEP-04","WA","Jefferson","Dosewallips",NA,47.41,47.9800278484532,0.570027848453243,-122.53,-122.891258332258,-0.36125833225806
"NW-4003","NW-1990-1026403",NA,"Seal, harbor",1990,"1990-JUL-26","WA","Jefferson","Dosewallips","Dosewallips Delta",47.41,47.9800278484532,0.570027848453243,-122.53,-122.891258332258,-0.36125833225806
"CRC 404","NW-1991-1026027",NA,"Seal, harbor",1991,"1991-SEP-04","WA","Jefferson","Dosewallips",NA,47.41,47.9800278484532,0.570027848453243,-122.53,-122.891258332258,-0.36125833225806
"10Pv27OctWI-35","NW-2010-1124515","Central Puget Sound Marine Mammal Stranding Network","Seal, harbor",2010,"2010-OCT-27","WA","Island","Whidbey Island","approx 400 yds south of boardwalk at Norm Woodward Park, Shore Ave.,Useless Bay Colony",47.50337,48.2104004029236,0.707030402923628,-122.29545,-122.536080766906,-0.24063076690561
"WDFW2011-050","NW-2011-1142144","WDFW/MMI","Seal, harbor",2011,"2011-JUN-12","WA","Grays Harbor","Ocean Shores","4 mi. north of Damon Rd. Access",47.5157,46.9866740733756,-0.529025926624406,-124.177,-124.144748288431,0.0322517115689465
"07-CL-022","NW-2007-1070439","Washington Department of Fish and Wildlife","Seal, harbor",2007,"2007-JUN-14","WA","Clallam","La Push","Quillayute Indian Reservation, Second Beach",47.5312,48.1956185201395,0.664418520139535,-124.3725,-124.28142276186,0.0910772381395333
"WDFW2011-150","NW-2011-1142210","WDFW/MMI","Seal, harbor",2011,"2011-OCT-03","WA","Kitsap","Port Orchard","100 yards to the right of 1371 Bay St.",47.544,47.6577342299035,0.113734229903542,-124.6245,-122.586403729904,2.03809627009646
"10Pv28AprWI-07","NW-2010-1114796","Central Puget Sound Marine Mammal Stranding Network","Seal, harbor",2010,"2010-APR-28","WA","Island","Whidbey Island","Cultus Bay, 8223 Sandy Hook Dr, Sandy Hook, Clinton",47.5472,48.2104004029236,0.663200402923628,-122.2379,-122.536080766906,-0.298180766905617
"08Pv06SepWI-33","NW-2008-1081117","Central Puget Sound Marine Mammal Stranding Network","Seal, harbor",2008,"2008-SEP-06","WA","Island","Whidbey","just south of the boat ramp at Possession Beach Waterfront Park",47.54725,48.2104004029236,0.663150402923627,-122.22542,-122.536080766906,-0.310660766905613
"11Pv18JanWI-02","NW-2011-1127961","Central Puget Sound Marine Mammal Stranding Network","Seal, harbor",2011,"2011-JAN-18","WA","Island","Whidbey Island","West end of Driftwood Way, Scatchet Head, Possession Sound",47.54784,48.2104004029236,0.662560402923624,-122.25464,-122.536080766906,-0.281440766905618
"11Pv02JulWI-07","NW-2011-1134310","Central Puget Sound Marine Mammal Stranding Network","Seal, harbor",2011,"2011-JUL-02","WA","Island","Whidbey Island","Scatchet Head,South Whidbey, Possession Sound",47.548,48.2104004029236,0.662400402923623,-122.252,-122.536080766906,-0.284080766905618
"09Pv08JanWI-01","NW-2009-1084897","Central Puget Sound Marine Mammal Stranding Network","Seal, harbor",2009,"2009-JAN-07","WA","Island","Whidbey Island","150feet past entrance to David Mackie Park, Maxwelton Beach, Clinton",47.561,48.2104004029236,0.649400402923625,-122.268,-122.536080766906,-0.268080766905612
"07Pv08OctWI-50","NW-2007-1070765","Central Puget Sound Marine Mammal Stranding Network","Seal, harbor",2007,"2007-OCT-08","WA","Island","Whidbey Island","on concrete boat ramp at David Mackie Park",47.562,48.2104004029236,0.648400402923627,-122.267,-122.536080766906,-0.269080766905617
"12Pv10MarWI-06","NW-2012-1140212","Central Puget Sound Marine Mammal Stranding Network","Seal, harbor",2012,"2012-MAR-10","WA","Island","Whidbey Island","Useless Bay, David Mackie Park, at base of steps to beach access.",47.564,48.2104004029236,0.646400402923625,-122.266,-122.536080766906,-0.270080766905608
"WDFW0807-03","NW-2007-1072845","WDFW Marine Mammal Investigations","Seal, harbor",2007,"2007-AUG-12","WA","Grays Harbor","Grayland","just N (~1mi) of county line",47.57,46.9866740733756,-0.583325926624404,-124.3578,-124.144748288431,0.213051711568937
"WDFW0607-26","NW-2007-1072853","WDFW Marine Mammal Investigations","Sea lion, Steller",2007,"2007-JUN-22","WA","Grays Harbor","Grayland","just north of county line beach access",47.57,46.9866740733756,-0.583325926624404,-124.3578,-124.144748288431,0.213051711568937
"SSW011012","NW-2012-1152664","West Seattle Seal Sitters","Seal, harbor",2012,"2012-JAN-10","WA","King","Seattle","North of Constellation Park in West Seattle",47.5725,47.5318269325748,-0.0406730674252245,-124.4139,-122.399902224425,2.01399777557545
"WDFW2008-104A","NW-2008-1086073","WDFW/MMI","Seal, harbor",2008,"2008-AUG-08","WA","Kitsap","Manchester","NOAA/ EPA Manchester lab",47.5741,47.6577342299035,0.083634229903538,-122547442,-122.586403729904,122547319.413596
"07Pv04NovWI-58A","NW-2007-1071371","Central Puget Sound Marine Mammal Stranding Network","Seal, harbor",2007,"2007-NOV-04","WA","Island","Whidbey Island","on beach in front of 6100 Brighton Beach Rd, Clinton",47.577,48.2104004029236,0.633400402923627,-122.316,-122.536080766906,-0.22008076690561
"NW-4554","NW-2001-1026978",NA,"Seal, northern elephant",2001,"2001-JUL-03","WA","Clallam","Olympic NP","near Chilean Memorial",47.58,48.1956185201395,0.615618520139535,-124.4,-124.28142276186,0.118577238139537
"08Pv23AugWI-29","NW-2008-1080975","Central Puget Sound Marine Mammal Stranding Network","Seal, harbor",2008,"2008-AUG-23","WA","Island","Whidbey","floating in Port Gardiner between Mukilteo and Everett",47.5808,48.2104004029236,0.629600402923622,NA,-122.536080766906,NA
"08Ej17FebWI-01","NW-2004-1074187","Central Puget Sound Marine Mammal Stranding Network","Sea lion, Steller",2004,"2004-FEB-15","WA","Island","Whidbey Island","Limpet Lane beach access,then 300 yards south",47.582,48.2104004029236,0.628400402923624,-122.325,-122.536080766906,-0.21108076690561
"08Pv08SepWI-34","NW-2008-1081833","Central Puget Sound Marine Mammal Stranding Network","Seal, harbor",2008,"2008-SEP-08","WA","Island","Whidbey","POssession Sound, 6581 Columbia Beach Drive.",47.58318,48.2104004029236,0.627220402923626,-122.21054,-122.536080766906,-0.325540766905618
"09Pv17MayWI-11","NW-2009-1098677","Central Puget Sound Marine Mammal Stranding Network","Seal, harbor",2009,"2009-MAY-17","WA","Island","Whidbey Island","Puget Sound, Useless Bay, Double bluff beach dog park",47.5839,48.2104004029236,0.626500402923625,-122.3132,-122.536080766906,-0.222880766905618
"08Pv07OctWI-39","NW-2008-1082321","Central Puget Sound Marine Mammal Stranding Network","Seal, harbor",2008,"2008-OCT-07","WA","Island","Whidbey Island","Useless Bay. Approx 1000 feet from Double Bluff Park beach access",47.58391,48.2104004029236,0.626490402923622,-122.31319,-122.536080766906,-0.222890766905607
"WIF101204BS","NW-2004-1040526","Central Puget Sound Marine Mammal Stranding Network","Seal, harbor",2004,"2004-OCT-12","WA","Island","Whidbey Island",NA,47.58848,48.2104004029236,0.621920402923628,-122.27973,-122.536080766906,-0.256350766905612
"12Pv13FebWI-03","NW-2012-1139437","Central Puget Sound Marine Mammal Stranding Network","Seal, harbor",2012,"2012-FEB-13","WA","Island","Whidbey Island","Admiralty Inlet, Useless Bay, Double Bluff Park beach access, Freeland",47.589,48.2104004029236,0.621400402923626,-122.30862,-122.536080766906,-0.227460766905608
"07Pv20MayWI-09","NW-2007-1070089","Central Puget Sound Marine Mammal Stranding Network","Seal, harbor",2007,"2007-MAY-20","WA","Island","Clinton","Brighton Beach",47.59,48.2104004029236,0.620400402923622,-122.21,-122.536080766906,-0.326080766905619
"08Pv04NovWI-44","NW-2008-1083413","Central Puget Sound Marine Mammal Stranding Network","Seal, harbor",2008,"2008-NOV-04","WA","Island","Whidbey Island","Possession Sound at 6256 Brighton Beach Rd.",47.59019,48.2104004029236,0.620210402923625,-122.2121,-122.536080766906,-0.323980766905606
"08Pv19SepWI-35","NW-2008-1081903","Central Puget Sound Marine Mammal Stranding Network","Seal, harbor",2008,"2008-SEP-19","WA","Island","Whidbey","on beach in front of 6248 Halstead Rd, Freeland, Mutiny Bay",47.59152,48.2104004029236,0.618880402923622,-122.32607,-122.536080766906,-0.210010766905611
"08Pv28SepWI-37","NW-2008-1082015","Central Puget Sound Marine Mammal Stranding Network","Seal, harbor",2008,"2008-SEP-28","WA","Island","Whidbey Island","Puget Sound. Carcass in front of 2042 Shore Ave, Double Bluff, Freeland.",47.592,48.2104004029236,0.618400402923626,-122.305,-122.536080766906,-0.231080766905606
"10Pv29OctWI-36","NW-2010-1124533","Central Puget Sound Marine Mammal Stranding Network","Seal, harbor",2010,"2010-OCT-29","WA","Island","Whidbey Island","At very end of Shore Avenue, Useless Bay",47.59372,48.2104004029236,0.616680402923627,-122.2938,-122.536080766906,-0.242280766905608
"10Pv27OctWI-34","NW-2010-1124516","Central Puget Sound Marine Mammal Stranding Network","Seal, harbor",2010,"2010-OCT-27","WA","Island","Whidbey Island","approx 200 yards south of boardwalk at Norm Woodward Park, Useless Bay Colony.",47.59423,48.2104004029236,0.616170402923622,-122.29783,-122.536080766906,-0.238250766905608
"08Zc04FebWI-01","NW-2004-1074065","Central Puget Sound Marine Mammal Stranding Network","Sea lion, California",2008,"2008-FEB-04","WA","Island","Whidbey Island","1/4 to 1/3 milenorth of old Mutiny Bay Resort",47.595,48.2104004029236,0.615400402923626,-122.323,-122.536080766906,-0.21308076690562
"10Pv24MayWI-09","NW-2010-1115807","Central Puget Sound Marine Mammal Stranding Network","Seal, harbor",2010,"2010-MAY-24","WA","Island","Whidbey Island","50 yards north of boat ramp at Mutiny Bay, south end",47.59617,48.2104004029236,0.614230402923624,-122.32478,-122.536080766906,-0.211300766905609
"12Pv08DecWI-19","NW-2012-1146347","Central Puget Sound Marine Mammal Stranding Network","Seal, harbor",2012,"2012-DEC-08","WA","Island","Whidbey Island","Mutiny Bay, on beach in front of 5820 Mutiny Bay Rd",47.59916,48.2104004029236,0.611240402923627,-122.32723,-122.536080766906,-0.208850766905613
"09Pv07AugWI-27","NW-2009-1099013","Central Puget Sound Marine Mammal Stranding Network","Seal, harbor",2009,"2009-AUG-07","WA","Island","Whidbey Island","South Mutiny Bay, off Wahl Road",47.6,48.2104004029236,0.610400402923624,-122.3,-122.536080766906,-0.236080766905616
"CRC-833","NW-2007-1075027","Cascadia Research","Seal, harbor",2007,"2007-DEC-31","WA","Jefferson","Kalaloch","Kalaloch Lodge",47.6046,47.9800278484532,0.375427848453242,-124.3741,-122.891258332258,1.48284166774194
"WDFW2011-087","NW-2011-1142295","WDFW/MMI","Seal, Guadalupe fur",2011,"2011-JUL-18","WA","Jefferson","Kalaloch","Kalaloch beach",47.605,47.9800278484532,0.375027848453243,-124.375,-122.891258332258,1.48374166774194
"12-JF-010","NW-2012-1151660","Olympic National Park","Seal, harbor",2012,"2012-OCT-21","WA","Jefferson","Kalaoch","Kalaloch Beach",47.612578,47.9800278484532,0.367449848453241,-124.37755,-122.891258332258,1.48629166774194
"CRC-1012","NW-2009-1151257","Cascadia Research","Sea lion, California",2009,"2009-SEP-16","WA","Jefferson","Kalaloch","Kalaloch",47.6308,47.9800278484532,0.349227848453239,-124.3817,-122.891258332258,1.49044166774193
"MKH2011-021","NW-2011-1137451","Makah Fisheries Management","Sea lion, Steller",2011,"2011-JUL-31","WA","Jefferson","Kalaloch","Beach 4, Kalaloch, Olympic National Park",47.6518,47.9800278484532,0.328227848453238,-124.3886,-122.891258332258,1.49734166774194
"WDFW1106-07","NW-2006-1065467","OCNMS","Seal, Northern fur",2006,"2006-NOV-18","WA","Jefferson","Kalaloch","Below Kalaloch Campground next to Kalaloch Lodge",47.654,47.9800278484532,0.326027848453236,-124.388,-122.891258332258,1.49674166774194
"12-JF-015","NW-2012-1151033","COASST","Seal, harbor",2012,"2012-JUN-15","WA","Jefferson",NA,"Just North of Beaches Trailhead",47.665556,47.9800278484532,0.314471848453238,-124.396472,-122.891258332258,1.50521366774194
"WDFW2011-093","NW-2011-1142301","WDFW/MMI","Seal, harbor",2011,"2011-JUL-19","WA","Grays Harbor","Ocean City","Ocean city beach access",47.671,46.9866740733756,-0.684325926624403,-124.1795,-124.144748288431,0.0347517115689442
"WDFW2009-080","NW-2009-1104463","WDFW/MMI","Sea lion, Steller",2009,"2009-AUG-12","WA","Clallam","Destruction Island","Destruction Island",47.6785,48.1956185201395,0.517118520139533,-124.4804,-124.28142276186,0.198977238139534
"WDFW2009-079","NW-2009-1104461","WDFW/MMI","Seal, harbor",2009,"2009-AUG-12","WA","Clallam","Destruction Island","Destruction Island",47.6785,48.1956185201395,0.517118520139533,-124.4804,-124.28142276186,0.198977238139534
"WDFW2009-120","NW-2009-1104281","WDFW/MMI","Seal, harbor",2009,"2009-OCT-24","WA","Grays Harbor","Grayland","Warrington cannery beach access",47.7467,46.9866740733756,-0.760025926624401,-124.0962,-124.144748288431,-0.0485482884310642
"WDFW2011-056","NW-2011-1142148","WDFW/MMI","Sea lion, California",2011,"2011-JUN-14","WA","Grays Harbor","Moclips","1.2 mi. north of Pacific Beach Access",47.763,46.9866740733756,-0.776325926624402,-125.5484,-124.144748288431,1.40365171156894
"WDFW2009-084","NW-2009-1104469","WDFW/MMI","Sea lion, California",2009,"2009-AUG-21","WA","Grays Harbor","Ocean Shores","In front of the Quinault Casino",47.811,46.9866740733756,-0.824325926624404,-122.4832,-124.144748288431,-1.66154828843106
"11-JF-006","NW-2011-1140205","citizen caller","Sea lion, California",2011,"2011-APR-21","WA","Jefferson","La Push","N of Goodman Creek, Toleak Point",47.811667,47.9800278484532,0.16836084845324,-124.609167,-122.891258332258,1.71790866774194
"15-JF-016","NW-2015-1175292","NOAA Fisheries","Seal, harbor",2015,"2015-AUG-15","WA","Jefferson","Hoh","Just north of the Goodman/Mosquito trail",47.818714,47.9800278484532,0.16131384845324,-124.490325,-122.891258332258,1.59906666774194
"07-JF-023","NW-2007-1070445","Olympic National Park","Seal, harbor",2007,"2007-JUN-06","WA","Jefferson","Olympic National Park","On the beach at Toleak Point",47.8333,47.9800278484532,0.146727848453239,-124.53969,-122.891258332258,1.64843166774193
"WDFW2011-052","NW-2011-1142146","WDFW/MMI","Seal, Northern fur",2011,"2011-JUN-13","WA","Grays Harbor","Ocean Shores","3.7 mi. North Damon Rd.",47.8343,46.9866740733756,-0.847625926624403,-124.1795,-124.144748288431,0.0347517115689442
"WDFW2011-051","NW-2011-1142145","WDFW/MMI","Seal, harbor",2011,"2011-JUN-14","WA","Grays Harbor","Ocean Shores","3.5 mi. north of Damon Rd. Access",47.8343,46.9866740733756,-0.847625926624403,-124.1792,-124.144748288431,0.0344517115689342
"WDFW2011-156","NW-2011-1142214","WDFW/MMI","Sea lion, California",2011,"2011-OCT-18","WA","Grays Harbor","Westport","1804 N. Nyhus",47.9044,46.9866740733756,-0.917725926624406,-124.1058,-124.144748288431,-0.0389482884310581
"WDFW0706-09","NW-2006-1065405","WDFW Marine Mammal Investigations","Seal, harbor",2006,"2006-JUL-21","WA","Pierce","Home","1602 Von- Glendren RD,",48.0191,47.2832254284395,-0.73587457156048,-122.755,-122.623822220683,0.131177779316701
"WDFW1107-03","NW-2007-1078139","NOAA Fisheries","Seal, harbor",2007,"2007-NOV-06","WA","King","Seattle","3138 W. Paler St. Magnolia",48.0534,47.5318269325748,-0.52157306742523,-122.6639,-122.399902224425,0.263997775575447
"05Pv04AugWI-33","NW-2005-1047609","Central Puget Sound Marine Mammal Stranding Network","Seal, harbor",2005,"2005-AUG-03","WA","Island","Whidbey Island","Eastpoint",48.05738,48.2104004029236,0.153020402923623,-120.29765,-122.536080766906,-2.23843076690561
"100109-13","NW-2009-1103665","Port Townsend Marine Science Center/ East Jefferson Co. MMSN","Seal, harbor",2009,"2009-OCT-01","WA","Clallam","Sequim","Straight of Juan de Fuca, Diamond Point, 100 ft. N of the boat ramp",48.06,48.1956185201395,0.135618520139531,-122.55,-124.28142276186,-1.73142276186047
"10Pv03JulWH-03","NW-2010-1123531","Whatcom Marine Mammal Stranding Network","Seal, harbor",2010,"2010-JUL-03","WA","Whatcom","Ferndale","4269 Sucia Dr.",48.073039,48.8051647942667,0.732125794266665,-122.709606,-122.67582822571,0.0337777742897742
"1007-05","NW-2007-1072637","Port Townsend Marine Science Center/ East Jefferson Co. MMSN","Seal, harbor",2007,"2007-OCT-27","WA","King","Port Townsend","Near Kierny St.",48.099722,47.5318269325748,-0.567895067425226,-122.771667,-122.399902224425,0.371764775575443
"12Zc14FebWI-01","NW-2012-1139417","Central Puget Sound Marine Mammal Stranding Network","Sea lion, California",2012,"2012-FEB-14","WA","Island","Whidbey Island","Strait of San de Fuca, one mile south of Ebeys Landing parking lot",48.10953,48.2104004029236,0.100870402923626,-12241655,-122.536080766906,12241532.4639192
"CRC-974","NW-2009-1151254","Cascadia Research","Seal, harbor",2009,"2009-AUG-17","WA","Thurston","Olympia","6728 Klein St",48.1296,47.1135779850746,-1.01602201492538,-122.9271,-122.893609701493,0.0334902985074592
"06Pv03OctWI-33","NW-2006-1061799","Central Puget Sound Marine Mammal Stranding Network","Seal, harbor",2006,"2006-OCT-03","WA","Island","Coupeville","South of Ebeys Landing by Hill Road.",48.13,48.2104004029236,0.0804004029236225,-48.42,-122.536080766906,-74.1160807669056
"09Pv11MayWI-10","NW-2009-1098667","Central Puget Sound Marine Mammal Stranding Network","Seal, harbor",2009,"2009-MAY-11","WA","Island","Whidbey Island","Admiralty Inlet, Ledgewood Beach, approx 50 yards north of beach access",48.14351,48.2104004029236,0.0668904029236259,-12260489,-122.536080766906,12260366.4639192
"10-CM-020","NW-2010-1128096","citizen caller","Seal, harbor",2010,"2010-AUG-10","WA","Clallam","Sequim","Dungeness Spit near mile marker #4",48.1756,48.1956185201395,0.02001852013953,-122.135536,-124.28142276186,-2.14588676186047
"11-CM-051","NW-2011-1151306","COASST","Sea lion, California",2011,"2011-APR-27","WA","Clallam",NA,"Shi Shi Beach",48.25965,48.1956185201395,-0.0640314798604678,-24.682675,-124.28142276186,-99.5987477618605
"2006-SJ081","NW-2006-1062199","Whale Museum","Seal, harbor",2006,"2006-AUG-11","WA","Pierce","San Juan Island","Eagle Point",48.2606,47.2832254284395,-0.977374571560475,-123.0805,-122.623822220683,0.456677779316706
"09-CM-055","NW-2009-1103157","Washington Department of Fish and Wildlife","Sea lion, California",2009,"2009-NOV-04","WA","Clallam","Ozette","Shi Shi Beach, just S of the trailhead",48.266667,48.1956185201395,-0.0710484798604654,-122.65,-124.28142276186,-1.63142276186046
"2006-SJ073","NW-2006-1061067","Whale Museum","Seal, harbor",2006,"2006-JUL-03","WA","Pierce","San Juan Island","South Beach down towards the lighthouse",48.2702,47.2832254284395,-0.986974571560481,-122.5805,-122.623822220683,-0.0433222206832937
"2006-SJ0083","NW-2006-1061083","Whale Museum","Seal, harbor",2006,"2006-AUG-10","WA","Pierce","Shaw Island","North Bay, Jacksons Beach",48.3103,47.2832254284395,-1.02707457156048,-123.0004,-122.623822220683,0.376577779316705
"2006-SJ083","NW-2006-1061079","Whale Museum","Seal, harbor",2006,"2006-AUG-10","WA","Pierce","Shaw Island","North Bay, Jacksons Beach",48.3103,47.2832254284395,-1.02707457156048,-123.0004,-122.623822220683,0.376577779316705
"2006-SJ083","NW-2006-1061081","Whale Museum","Seal, harbor",2006,"2006-AUG-10","WA","Pierce","Shaw Island","North Bay, Jacksons Beach",48.3103,47.2832254284395,-1.02707457156048,-123.0004,-122.623822220683,0.376577779316705
"13-IC-019","NW-2013-1155349","USFWS","Seal, harbor",2013,"2013-NOV-25","WA","Island","Protection Island","Found on the beach during survey.",48.320505,48.2104004029236,-0.110104597076372,-124.840688,-122.536080766906,2.30460723309439
"2006-SJ042","NW-2006-1061951","Whale Museum","Seal, harbor",2006,"2006-JUL-14","WA","Pierce","Lopez Island","Swifts Bay at Point Stanley Beach",48.3306,47.2832254284395,-1.04737457156047,-122.5202,-122.623822220683,-0.103622220683292
"NW-3718","NW-1990-1026115",NA,"Seal, Northern fur",1990,"1990-FEB-25","WA","San Juan","San Juan Island","Hanburry Pt.; Mitchell Bay",48.34,48.497075911635,0.157075911634955,-124.1,-122.97976616846,1.12023383153984
"WDFW2008-119","NW-2008-1086117","WDFW/MMI","Seal, harbor",2008,"2008-OCT-22","WA","Kitsap","Kingston","12084 Apple Cove Ln, Kingston",48.359,47.6577342299035,-0.701265770096462,-122.8047,-122.586403729904,0.218296270096459
"2006-SJ055","NW-2006-1061947","Whale Museum","Seal, harbor",2006,"2006-JUN-19","WA","Pierce","Orcas Island","Community beach with lots of boat traffic",48.3903,47.2832254284395,-1.10707457156048,-122.4502,-122.623822220683,-0.173622220683299
"2010-SJ090","NW-2010-1121563","Whale Museum","Seal, harbor",2010,"2010-AUG-26","WA","Pierce","Lopez Island","Fisherman Bay - Otis Perkins",48.507919,47.2832254284395,-1.22469357156048,-122.933664,-122.623822220683,0.309841779316699
"09Pv22OctWI-46","NW-2009-1100159","Central Puget Sound Marine Mammal Stranding Network","Seal, harbor",2009,"2009-OCT-22","WA","Island","Whidbey Island","Possession Sound,Columbia Beach, in front of 6593 Columbia Beach Rd., Clinton",48.583,48.2104004029236,-0.372599597076373,-12.213,-122.536080766906,-110.323080766906
"NW-3968","NW-1990-1026366",NA,"Seal, harbor",1990,"1990-JUL-10","WA","Clallam","Port Angeles","Lyre River Rec Area",48.7,48.1956185201395,-0.50438147986047,-123.3,-124.28142276186,-0.981422761860472
"EJCMMSN0806-01","NW-2006-1061063","Port Townsend Marine Science Center/ East Jefferson Co. MMSN","Seal, harbor",2006,"2006-AUG-02","WA","Jefferson","Port Townsend","Point Hudson Marina",48.729,47.9800278484532,-0.748972151546759,-122.4543,-122.891258332258,-0.436958332258058
"11Pv06OctWH-20","NW-2011-1140348","Whatcom Marine Mammal Stranding Network","Seal, harbor",2011,"2011-OCT-06","WA","Whatcom","Bellingham","Squalicum Beach across from dumpster, pinned between rocks",48.761591,48.8051647942667,0.0435737942666634,-12.5134361,-122.67582822571,-110.16239212571
"09Zc05FebCI-01","NW-2008-1087099","Central Puget Sound Marine Mammal Stranding Network","Sea lion, California",2008,"2008-NOV-18","WA","Island","Camano Island","Elger Bay - one mile north of original site off Irenella Lane",48.78,48.2104004029236,-0.569599597076376,-122.275,-122.536080766906,-0.261080766905607
"09Pv30DecWI-48","NW-2009-1103247","Central Puget Sound Marine Mammal Stranding Network","Seal, harbor",2009,"2009-DEC-30","WA","Island","Whidbey Island","Saratoga Passage, Hidden Beach, 200 feet north of pilings off county beach access",48.8,48.2104004029236,-0.589599597076372,-122.33,-122.536080766906,-0.206080766905615
"10Pv18FebWI-04","NW-2010-1106997","Central Puget Sound Marine Mammal Stranding Network","Seal, harbor",2010,"2010-FEB-18","WA","Island","Whidbey Island","Saratoga Passage, 1/4 mile north of Hidden Beach access.",48.8,48.2104004029236,-0.589599597076372,-122.33,-122.536080766906,-0.206080766905615
"14-SN-026","NW-2014-1168819","NOAA Fisheries","Seal, harbor",2014,"2014-NOV-04","WA","Island","Edmonds","Edmonds Marine Park Beach",48.805,48.2104004029236,-0.594599597076375,-122.393,-122.536080766906,-0.143080766905612
"EJCMMSN0807-01","NW-2007-1071977","Port Townsend Marine Science Center/ East Jefferson Co. MMSN","Seal, harbor",2007,"2007-AUG-20","WA","Jefferson","Port Ludlow","on the beach just south of MatsMats Bay",48.873611,47.9800278484532,-0.893583151546757,-122.766667,-122.891258332258,-0.124591332258063
"14Pv02AprWH-01","NW-2014-1169628","Whatcom Marine Mammal Stranding Network","Seal, harbor",2014,"2014-APR-17","WA","Whatcom","Blaine","5848 Birch Bay Dr.",48.8942,48.8051647942667,-0.0890352057333317,-123.782508,-122.67582822571,1.10667977428979
"EJC-2012-013","NW-2012-1144961","Port Townsend Marine Science Center/ East Jefferson Co. MMSN","Seal, harbor",2012,"2012-AUG-27","WA","Jefferson","Quilcene","Quilcene marina",48.959722,47.9800278484532,-0.979694151546759,-122.882778,-122.891258332258,-0.00848033225805978
"15Pv09SepWI-05","NW-2015-1181628","Central Puget Sound Marine Mammal Stranding Network","Seal, harbor",2015,"2015-SEP-09","WA","Island","Whidbey Island","Admiralty Inlet, Teronda West beach access",48.98,48.2104004029236,-0.769599597076372,-122.36,-122.536080766906,-0.176080766905613
"11Pv10FebWI-04","NW-2011-1131554","Central Puget Sound Marine Mammal Stranding Network","Seal, harbor",2011,"2011-FEB-10","WA","Island","Whidbey Island","Useless Bay, in front of 2426 Sunlight Beach Rd, Clinton",48.99,48.2104004029236,-0.779599597076377,-122.47,-122.536080766906,-0.066080766905614
"12Pv06MayWI-09","NW-2012-1143258","Central Puget Sound Marine Mammal Stranding Network","Seal, harbor",2012,"2012-MAY-06","WA","Island","Whidbey Island","Sunlight Beach, Useless Bay",48.99,48.2104004029236,-0.779599597076377,-122.47,-122.536080766906,-0.066080766905614
"13Pv02SepWH-18","NW-2013-1154780","Whatcom Marine Mammal Stranding Network","Seal, harbor",2013,"2013-SEP-02","WA","Whatcom","Bellingham","Clayton Beach",49.060561,48.8051647942667,-0.255396205733334,-122.808594,-122.67582822571,0.13276577428978
"13Pv02SepWH-17","NW-2013-1154771","Whatcom Marine Mammal Stranding Network","Seal, harbor",2013,"2013-SEP-02","WA","Whatcom","Bellingham","Clayton Beach",49.060561,48.8051647942667,-0.255396205733334,-122.808594,-122.67582822571,0.13276577428978
"07Pv29JulWH-15","NW-2007-1071965","Whatcom Marine Mammal Stranding Network","Seal, harbor",2007,"2007-JUL-29","WA","Whatcom","Blaine","Semiahoo marina at slip D-10",49.069444,48.8051647942667,-0.264279205733331,-122.776667,-122.67582822571,0.100838774289784
"13Pv16AugWH-14","NW-2013-1154770","Whatcom Marine Mammal Stranding Network","Seal, harbor",2013,"2013-AUG-16","WA","Whatcom","Bellingham","Wildcat Cove, :Larrabe",49.090575,48.8051647942667,-0.285410205733335,-122.823306,-122.67582822571,0.147477774289783
"EJC-2015-020","NW-2015-1176164","Port Townsend Marine Science Center/ East Jefferson Co. MMSN","Seal, harbor",2015,"2015-SEP-07","WA","Jefferson","Port Townsend","On beach between lighthouse and PTMSC",49.1398,47.9800278484532,-1.15977215154676,-122.7659,-122.891258332258,-0.12535833225806
"12Pv27AugWH-07","NW-2012-1145745","Whatcom Marine Mammal Stranding Network","Seal, harbor",2012,"2012-AUG-27","WA","Whatcom","Bellingham","Mud Bay at Chuckanut",49.172675,48.8051647942667,-0.367510205733332,-122.837561,-122.67582822571,0.161732774289774
"MKH-Zc-08-4","NW-2008-1081479","Makah Fisheries Management","Sea lion, California",2008,"2008-SEP-03","WA","Clallam","Bodelten","East Bodelten Island",49.17583,48.1956185201395,-0.980211479860465,-124.7533,-124.28142276186,0.471877238139527
"13Pv25OctWH-29","NW-2013-1154783","Whatcom Marine Mammal Stranding Network","Seal, harbor",2013,"2013-OCT-25","WA","Whatcom","Bellingham","Fairhaven Shipyards",49.205833,48.8051647942667,-0.400668205733332,-123.8525,-122.67582822571,1.17667177428979
"13Pv25OctWH-28","NW-2013-1154761","Whatcom Marine Mammal Stranding Network","Seal, harbor",2013,"2013-OCT-25","WA","Whatcom","Bellingham","Fairhaven Shipyards",49.205833,48.8051647942667,-0.400668205733332,-122.8525,-122.67582822571,0.176671774289787
"EJC-2011-019","NW-2011-1137814","Port Townsend Marine Science Center/ East Jefferson Co. MMSN","Seal, harbor",2011,"2011-DEC-03","WA","Jefferson","Port Townsend","Point Hudson, near Nautical Marker #4",49.2135,47.9800278484532,-1.23347215154676,-122.7635,-122.891258332258,-0.127758332258068
"WDFW2011-042","NW-2011-1142136","WDFW/MMI","Seal, harbor",2011,"2011-JUN-13","WA","Grays Harbor","Westport","2 miles south of Bonge",49.249,46.9866740733756,-2.26232592662441,-124.631,-124.144748288431,0.48625171156894
"14Pv08NovWH-28","NW-2014-1170383","Whatcom Marine Mammal Stranding Network","Seal, harbor",2014,"2014-NOV-08","WA","Whatcom","Bellingham","Whatcom Creek",49.257308,48.8051647942667,-0.452143205733336,-123.809386,-122.67582822571,1.13355777428978
"12Pv12AugWH-03","NW-2012-1146039","Whatcom Marine Mammal Stranding Network","Seal, harbor",2012,"2012-AUG-12","WA","Whatcom","Bellingham","Bellingham Bay, Zuanich Park",49.260825,48.8051647942667,-0.455660205733331,-122.835731,-122.67582822571,0.159902774289776
"12Pv12AugWH-04","NW-2012-1145744","Whatcom Marine Mammal Stranding Network","Seal, harbor",2012,"2012-AUG-12","WA","Whatcom","Bellingham","Bellingham Bay Zuanich Park",49.260825,48.8051647942667,-0.455660205733331,-122.835731,-122.67582822571,0.159902774289776
"14Pv21NovWH-30","NW-2014-1170369","Whatcom Marine Mammal Stranding Network","Seal, harbor",2014,"2014-NOV-21","WA","Whatcom","Bellingham","Zuanich Beach",49.262161,48.8051647942667,-0.456996205733333,-122.833342,-122.67582822571,0.157513774289782
"13Pv03AugWH-07","NW-2013-1154765","Whatcom Marine Mammal Stranding Network","Seal, harbor",2013,"2013-AUG-03","WA","Whatcom","Bellingham","below Coast Guard Station",49.266025,48.8051647942667,-0.460860205733333,-122.823328,-122.67582822571,0.147499774289784
"13Pv15SepWH-20","NW-2013-1154734","Whatcom Marine Mammal Stranding Network","Seal, harbor",2013,"2013-SEP-15","WA","Whatcom","Bellingham","Bellingham Bay Squalicum Beach",49.272906,48.8051647942667,-0.467741205733333,-122.851825,-122.67582822571,0.175996774289786
"13Pv05AugWH-09","NW-2013-1154767","Whatcom Marine Mammal Stranding Network","Seal, harbor",2013,"2013-AUG-05","WA","Whatcom","Bellingham","Squalicum Beach",49.273753,48.8051647942667,-0.468588205733333,-122.859636,-122.67582822571,0.183807774289775
"12Pv30SepWH-17","NW-2012-1146046","Whatcom Marine Mammal Stranding Network","Seal, harbor",2012,"2012-SEP-30","WA","Whatcom","Bellingham","Bellingham Bay, Little Squalicum Beach",49.274919,48.8051647942667,-0.469754205733331,-122.493364,-122.67582822571,-0.18246422571022
"12Pv10AugWH-01","NW-2012-1145753","Whatcom Marine Mammal Stranding Network","Seal, harbor",2012,"2012-AUG-10","WA","Whatcom","Bellingham","Bellingham Bay, Squalicum Beach",49.276825,48.8051647942667,-0.471660205733336,-122.868369,-122.67582822571,0.192540774289782
"12Pv24NovWH-20","NW-2012-1146044","Hatfield Marine Science Center, OSU","Seal, harbor",2012,"2012-NOV-24","WA","Whatcom","Bellingham","Bellingham Bay, Little Squalicum Beach",49.279772,48.8051647942667,-0.474607205733335,-122.870872,-122.67582822571,0.195043774289786
"12Pv24NovWH-19","NW-2012-1146072","Whatcom Marine Mammal Stranding Network","Seal, harbor",2012,"2012-NOV-24","WA","Whatcom","Bellingham","Little Squalicum Beach",49.279772,48.8051647942667,-0.474607205733335,-122.871319,-122.67582822571,0.19549077428978
"11Pv30AugSK-02","NW-2011-1136200","Central Puget Sound Marine Mammal Stranding Network","Seal, harbor",2011,"2011-AUG-30","WA","Skagit","Anacortes","Burroughs Bay, Skyline, Anacortes",49.29336,48.4288132904,-0.864546709599999,-122.42039,-122.5403478848,-0.119957884800002
"14Pv06DecWH-31","NW-2014-1170365","Whatcom Marine Mammal Stranding Network","Seal, harbor",2014,"2014-DEC-06","WA","Whatcom","Bellingham","Locust Beach",49.296119,48.8051647942667,-0.490954205733331,-122.894119,-122.67582822571,0.218290774289784
"13Pv04SepWH-19","NW-2013-1154781","Whatcom Marine Mammal Stranding Network","Seal, harbor",2013,"2013-SEP-04","WA","Whatcom","Bellingham","Squalicum Beach",49.296739,48.8051647942667,-0.491574205733336,-122.90915,-122.67582822571,0.233321774289777
"CRC577","NW-2005-1053931","Cascadia Research","Seal, harbor",2005,"2005-JUL-05","WA","Island","Minor Island","E end Minor Island",49.3285,48.2104004029236,-1.11809959707637,-122.819,-122.536080766906,0.28291923309439
"12Pv15ugWH-16","NW-2012-1146036","Whatcom Marine Mammal Stranding Network","Seal, harbor",2012,"2012-SEP-15","WA","Whatcom","Ferndale","Straight of Georgia",49.380728,48.8051647942667,-0.575563205733332,-123.185211,-122.67582822571,0.509382774289776
"12Pv27AugWH-08","NW-2012-1146040","Whatcom Marine Mammal Stranding Network","Seal, harbor",2012,"2012-AUG-27","WA","Whatcom","Ferndale","Juan De Fuca Straight",49.432675,48.8051647942667,-0.627510205733337,-123.227722,-122.67582822571,0.55189377428978
"EJC-2011-013","NW-2011-1137808","Port Townsend Marine Science Center/ East Jefferson Co. MMSN","Seal, harbor",2011,"2011-SEP-28","WA","Jefferson","Port Townsend","Fort Worden State Park, parking area near pier",49.4861,47.9800278484532,-1.50607215154676,-122.7573,-122.891258332258,-0.133958332258061
"12Pv05SepWH-11","NW-2012-1146034",NA,"Seal, harbor",2012,"2012-SEP-05","WA","Whatcom","Blaine","Birch Bay, Sunset Beaccccch",49.555617,48.8051647942667,-0.750452205733332,-123.321433,-122.67582822571,0.645604774289779
"12Pv28AugWH-10","NW-2012-1146033","Whatcom Marine Mammal Stranding Network","Seal, harbor",2012,"2012-AUG-28","WA","Whatcom","Blaine","Birch Bay",49.557944,48.8051647942667,-0.752779205733333,-123.332022,-122.67582822571,0.656193774289775
"12Pv28AugWH-09","NW-2012-1146032","Whatcom Marine Mammal Stranding Network","Seal, harbor",2012,"2012-AUG-28","WA","Whatcom","Bellingham","Birch Bay",49.557944,48.8051647942667,-0.752779205733333,-123.332022,-122.67582822571,0.656193774289775
"12Pv12SepWH-15","NW-2012-1146035","Whatcom Marine Mammal Stranding Network","Seal, harbor",2012,"2012-SEP-12","WA","Whatcom","Blaine","Birch Bay",49.5621,48.8051647942667,-0.756935205733335,-123.33745,-122.67582822571,0.661621774289785
"14Pv21JulWH-07","NW-2014-1169632","Whatcom Marine Mammal Stranding Network","Seal, harbor",2014,"2014-JUL-21","WA","Whatcom","Blaine","Birch Bay",49.563325,48.8051647942667,-0.758160205733333,-123.305264,-122.67582822571,0.629435774289774
"WDFW2009-052","NW-2009-1104407","WDFW/MMI","Seal, harbor",2009,"2009-JUN-26","WA","Grays Harbor","Ocean Shores","At N. Jetty",49.9271,46.9866740733756,-2.94042592662441,-124.1765,-124.144748288431,0.0317517115689441
"10Pv05SeptWH-31","NW-2010-1128280","Whatcom Marine Mammal Stranding Network","Seal, harbor",2010,"2010-SEP-05","WA","Whatcom","Blaine","Semiahmoo Bay; Western side of Semiahmoo spit in front of Beach Walkers Resort",49.988644,48.8051647942667,-1.18347920573333,-122.776959,-122.67582822571,0.101130774289786
"10Pv26AUGWH-26","NW-2010-1128297","Whatcom Marine Mammal Stranding Network","Seal, harbor",2010,"2010-AUG-26","WA","Whatcom","Blaine","Drayton Harbor, End of Blaine Pier",49.991672,48.8051647942667,-1.18650720573334,-122.766281,-122.67582822571,0.0904527742897869
"15Pv22JunWH-6","NW-2015-1177704","Whatcom Marine Mammal Stranding Network","Seal, harbor",2015,"2015-JUN-22","WA","Whatcom","Lummi","Rosario Straight",75.715,48.8051647942667,-26.9098352057333,-122.098,-122.67582822571,-0.577828225710221
"06Pv06JulCI-06","NW-2006-1060637","Central Puget Sound Marine Mammal Stranding Network","Seal, harbor",2006,"2006-JUL-05","WA","Island","Camano Island","Property south of 2971 Tillicum Beach Dr. Camano Island",122.24,48.2104004029236,-74.0295995970764,-48.06,-122.536080766906,-74.4760807669056
"06Pv21AugSK-08","NW-2006-1061957","Central Puget Sound Marine Mammal Stranding Network","Seal, harbor",2006,"2006-AUG-21","WA","Skagit","Guemes Island","West side of Guemes Island.",122.39,48.4288132904,-73.9611867096,-48.34,-122.5403478848,-74.2003478848
"06Pv23AugWH-02","NW-2006-1061955","Central Puget Sound Marine Mammal Stranding Network","Seal, harbor",2006,"2006-AUG-23","WA","Whatcom","Blaine","Public to 911-#06A18259 In front of 8050 Harborview Road",122.45,48.8051647942667,-73.6448352057333,-48.56,-122.67582822571,-74.1158282257102
"06Pv25AugWH-03","NW-2006-1062007","Central Puget Sound Marine Mammal Stranding Network","Seal, harbor",2006,"2006-AUG-25","WA","Whatcom","Blaine","Drayton Harbor. Semiahmoo Marina, on spit.",122.47,48.8051647942667,-73.6648352057333,-48.59,-122.67582822571,-74.0858282257102
"07-KG-030","NW-2007-1072237","NOAA Fisheries","Seal, harbor",2007,"2007-SEP-20","WA","King","Burien","Edges Landing Park",473149.87,47.5318269325748,-473102.338173067,-1222406.57,-122.399902224425,1222284.17009778
"MKH2012-017","NW-2012-1151379","Makah Fisheries Management","Seal, Guadalupe fur",2012,"2012-JUN-05","WA","Clallam","Neah Bay","Tsoo-Yess Beach, South end",483003,48.1956185201395,-482954.80438148,-124.6652,-124.28142276186,0.38377723813953
"2011-SJ070","NW-2011-1135153","Whale Museum","Seal, harbor",2011,"2011-AUG-20","WA","San Juan","Mosquito Pass","Mid-channel in Mosquito Pass b/w Henry and San Juan Islands",485883,48.497075911635,-485834.502924088,-123.1747,-122.97976616846,0.194933831539842
"HMSC08-01-12-Pv","NW-2008-1074403","Marine Mammal Institute, OSU","Seal, harbor",2008,"2008-JAN-12","OR","Coos","Bandon","About 1/3 mile north of Coquille Point",4311579,43.2756506392617,-4311535.72434936,-124.4344,-124.362076721008,0.0723232789915897
"HMSC08-01-24-Zc","NW-2008-1074383","Marine Mammal Institute, OSU","Sea lion, California",2008,"2008-JAN-22","OR","Coos","Charleston","North Cove, Cape Arago",4330751,43.2756506392617,-4330707.72434936,-124.39937,-124.362076721008,0.0372932789915978
"HMSC08-01-24-Zc-2","NW-2008-1074385","Marine Mammal Institute, OSU","Sea lion, California",2008,"2008-JAN-24","OR","Coos","Charleston","North Cove of Cape Arago",4330754,43.2756506392617,-4330710.72434936,-124.39954,-124.362076721008,0.037463278991595
"HMSC08-01-31-Pv","NW-2008-1074423","Marine Mammal Institute, OSU","Seal, harbor",2008,"2008-JAN-31","OR","Lincoln","South Beach","near 116th St",4455471,44.6787399932563,-4455426.32126001,-124.07229,-124.060251714355,0.0120382856454739
"HMSC07-12-29-Zc","NW-2007-1074417","Marine Mammal Institute, OSU","Sea lion, California",2007,"2007-DEC-29","OR","Lincoln","Newport","Yaquina Bay State Park",4462366,44.6787399932563,-4462321.32126001,-124.06595,-124.060251714355,0.00569828564547947
"HMSC08-01-13-Zc","NW-2008-1074421","Marine Mammal Institute, OSU","Sea lion, California",2008,"2008-JAN-11","OR","Lincoln","Newport","Moolach Shores Motel, just to the south of base of stairs",4470099,44.6787399932563,-4470054.32126001,-124.06252,-124.060251714355,0.00226828564548498
"PSU07-07-03-Zc","NW-2007-1074365","Portland State University","Sea lion, California",2007,"2007-JUL-03","OR","Tillamook","Rockaway Beach","Camp Magruder, beach entrance to camp",4557895,45.3801661262136,-4557849.61983387,-123.95453,-123.961888883495,-0.00735888349514369
"PSU07-07-03-unk","NW-2007-1074359","Portland State University","UNIDENTIFIED OTARIID",2007,"2007-JUL-03","OR","Clatsop","Seaside","cove",4597753,46.0608462888601,-4597706.93915371,-123.93762,-123.929324476684,0.00829552331606465
"PSU07-06-11-Pv","NW-2007-1074375","Portland State University","Seal, harbor",2007,"2007-JUN-11","OR","Clatsop","Warrenton","Sunset Beach",4608532,46.0608462888601,-4608485.93915371,-123.93858,-123.929324476684,0.00925552331607093
"PSU07-06-20C-Zc","NW-2007-1074381","Portland State University","Sea lion, California",2007,"2007-JUN-20","OR","Clatsop","Warrenton","south jetty",4621896,46.0608462888601,-4621849.93915371,-124.00724,-123.929324476684,0.0779155233160651
"PSU07-06-20A-Zc","NW-2007-1074361","Portland State University","Sea lion, California",2007,"2007-JUN-20","OR","Clatsop","Warrenton","south jetty",4622458,46.0608462888601,-4622411.93915371,-124.01056,-123.929324476684,0.0812355233160673
"PSU07-06-05-Pv","NW-2007-1074353","Portland State University","Seal, harbor",2007,"2007-JUN-05","WA","Pacific","Long Beach","Sid Snyder Approach",4634668,46.4394991339093,-4634621.56050087,-124.06617,-124.059425285714,0.00674471428571621
"WDFW2012-162","NW-2012-1152527","WDFW/MMI","Seal, harbor",2012,"2012-SEP-20","WA","Pierce","Tacoma","By Tacoma outboard Assiocation",4725376,47.2832254284395,-4725328.71677457,-122.5527,-122.623822220683,-0.0711222206832929
"2002-JKG2","NW-2002-1000373","citizen caller","Seal, harbor",2002,"2002-AUG-08","WA","San Juan","Orcas Island","Massacre Bay; East Sound",4838273,48.497075911635,-4838224.50292409,-12258596,-122.97976616846,12258473.0202338
"HMSC07-12-13-Up","NW-2007-1074367","Marine Mammal Institute, OSU","Pinniped, unidentified",2007,"2007-DEC-13","OR","Coos","Bandon","about 500 yards from Tenmile Creek outlet",43565325,43.2756506392617,-43565281.7243494,-124.230653,-124.362076721008,-0.131423721008403
"HMSC08-01-25-Pv","NW-2008-1074409","Marine Mammal Institute, OSU","Seal, harbor",2008,"2008-JAN-28","OR","Lane","Florence","South Siuslaw jetty beach",43942200,44.0783860738636,-43942155.9216139,-124.14595,-124.127192497159,0.0187575028409128
"HMSC08-01-31-Ej","NW-2008-1074405","Marine Mammal Institute, OSU","Sea lion, Steller",2008,"2008-JAN-31","OR","Lane","Florence","Heceta beach north of the Driftwood hotel",44041850,44.0783860738636,-44041805.9216139,-124.1325,-124.127192497159,0.00530750284090686
"HMSC07-12-29-Up","NW-2007-1074415","Marine Mammal Institute, OSU","Pinniped, unidentified",2007,"2007-DEC-29","OR","Lane","Florence","at base of stairs of Ocean Beach picnic area",44187766,44.0783860738636,-44187721.9216139,-124.115654,-124.127192497159,-0.01153849715908
"HMSC08-02-02-Pv","NW-2008-1074407","Marine Mammal Institute, OSU","Seal, harbor",2008,"2008-FEB-02","OR","Lincoln","Seal Rock","4730 Sandy Drive",44459636,44.6787399932563,-44459591.32126,-124.082736,-124.060251714355,0.0224842856454757
"HMSC07-09-01-Up","NW-2007-1074391","Marine Mammal Institute, OSU","Pinniped, unidentified",2007,"2007-SEP-01","OR","Lincoln","Lincoln City","SW 31st ST, North of Sand Castle Motel",44943445,44.6787399932563,-44943400.32126,-124.02379,-124.060251714355,-0.0364617143545161
"HMSC07-09-29-Up","NW-2007-1074393","Marine Mammal Institute, OSU","Pinniped, unidentified",2007,"2007-SEP-29","OR","Lincoln","Lincoln City","NW 26th St, at bottom of stairs",44984112,44.6787399932563,-44984067.32126,-124.014354,-124.060251714355,-0.0458977143545241
"HMSC07-12-24-Zc","NW-2007-1074413","Marine Mammal Institute, OSU","Sea lion, California",2007,"2007-DEC-24","OR","Tillamook","Pacific City","near Inn at Cape Kiwanda",45210813,45.3801661262136,-45210767.6198339,-123.970634,-123.961888883495,0.00874511650485488
"HMSC08-01-09-Up","NW-2008-1074419","Marine Mammal Institute, OSU","Pinniped, unidentified",2008,"2008-JAN-09","OR","Tillamook","Pacific City","near Pelican Brewery",45214805,45.3801661262136,-45214759.6198339,-123.971301,-123.961888883495,0.00941211650484775
"PSU07-06-10-Pv","NW-2007-1074369","Portland State University","Seal, harbor",2007,"2007-JUN-10","OR","Tillamook","Garibaldi","Barview Jetty Park",45572411,45.3801661262136,-45572365.6198339,-123.956851,-123.961888883495,-0.00503788349514878
"PSU07-07-03-Ej","NW-2007-1074357","Portland State University","Sea lion, Steller",2007,"2007-JUL-02","OR","Clatsop","Gearhart","1/2 mile south of Del Ray access",46041287,46.0608462888601,-46041240.9391537,-123.930674,-123.929324476684,0.00134952331606542
"PSU07-06-23-At","NW-2007-1074355","Portland State University","Seal, Guadalupe fur",2007,"2007-JUN-23","OR","Clatsop","Warrenton","1.3 miles south of Peter Iredale access",46160285,46.0608462888601,-46160238.9391537,-123.970366,-123.929324476684,0.0410415233160677
"HMSC07-06-11-Zc-2","NW-2007-1074373","Portland State University","Sea lion, California",2007,"2007-JUN-11","OR","Clatsop","Astoria","East Mooring Basin",46195741,46.0608462888601,-46195694.9391537,-123.803241,-123.929324476684,-0.126083476683931
"10-KG-048","NW-2010-1128079","West Seattle Seal Sitters","Sea lion, California",2010,"2010-MAY-13","WA","King","Seattle","Puget Sound, Golden Gardens",473794364,47.5318269325748,-473794316.468173,-122.404811,-122.399902224425,0.00490877557544422
